Agency,Data_Systems_Databases,Routine_Data_Collection,Forecasting_AI_Analytics,Capacity_Building_Training,Institutional_Coordination_Policy,Funding_Resource_Allocation,DMI,FMI,RRI,DRI,Overall_Score,Overall_Rank
KRB,5.0,8.0,15.0,11.0,1.0,6.0,39.61904761904762,44.0,60.0,52.85714285714285,49.1,2
KURA,3.0,1.0,5.0,2.0,2.0,3.0,40.0,44.0,60.0,43.07692307692308,46.8,5
KeNHA,3.0,2.0,6.0,4.0,3.0,2.0,31.55555555555556,44.0,60.0,51.66666666666666,46.8,5
KeRRA,2.0,5.0,9.0,5.0,3.0,7.0,38.66666666666666,44.0,60.0,50.833333333333336,48.4,3
MTRD,1.0,1.0,1.5,0.0,1.0,0.5,34.66666666666667,44.0,60.0,62.91666666666667,50.4,1
MTRD,0.0,0.0,1.0,0.0,0.0,0.0,36.0,44.0,60.0,50.0,47.5,4
